action potential,0.04136449878147515,1,141.39411764705883,23
long-term potentiation,0.047745503620343986,2,350.42592592592587,164
ancient greek,0.047985511765162026,3,596.0795454545455,351
depression (mood),0.047986648770286335,4,273.79838709677415,112
physician,0.04836815975278765,5,388.3235294117647,190
attention,0.049359620500181965,6,264.30769230769226,103
vomiting,0.05043517533641646,7,240.8050847457627,89
white matter,0.05246299640917666,8,179.0701754385965,45
ct scan,0.053903777341242014,9,301.75,134
emergence,0.05518166848196947,10,561.8235294117648,328
breastfeeding,0.05572983789904128,11,504.4130434782608,282
new scientist,0.05577227848426801,12,504.1875,281
ataxia,0.05602303640640245,13,238.44680851063828,88
corticosteroid,0.056990942259763686,14,493.9375,273
pregnancy,0.05713659085087651,15,287.223076923077,124
medicine,0.05792141386815738,16,298.46666666666664,129
broca's area,0.057955896963778564,17,615.4666666666667,375
computed tomography,0.05827142447696464,18,376.39285714285717,184
agonist,0.058974882658631614,19,359.48863636363643,173
event-related potential,0.059007758727044224,20,481.1315789473684,265
biosynthesis,0.05912794990061196,21,530.25,303
diarrhea,0.059803685630913116,22,530.9137931034483,304
nausea,0.060831592224829735,23,243.30882352941177,90
death,0.06095914585423193,24,294.62857142857143,126
bloodâ€“brain barrier,0.06214254177612907,25,143.88157894736844,26
hypertension,0.062383138345637114,26,300.8181818181818,133
gastrointestinal tract,0.06250084454012955,27,259.9642857142857,102
skin,0.0625883688132706,28,152.51923076923077,33
in vitro,0.06292117911241106,29,440.0862068965517,230
fever,0.06333137823215974,30,418.49999999999994,210
behavior,0.06345438361556598,31,351.2413793103448,165
oral administration,0.0637338066853912,32,507.77,285
urine,0.06399898020155878,33,379.39423076923083,187
alzheimer's disease,0.06407693819667085,34,133.7570093457944,19
positron emission tomography,0.0646168990134161,35,208.4090909090909,65
diabetes mellitus,0.06475742494641007,36,610.8409090909091,367
protein,0.06547495198026301,37,180.40517241379314,46
feces,0.06578542425830591,38,522.28,295
parkinson's disease,0.06591222368345089,39,151.08064516129033,30
symptom,0.06619952272604658,40,327.57894736842104,155
tremor,0.06622562437044152,41,430.8695652173913,218
biopsy,0.06635903869170995,42,391.4310344827586,192
evolution,0.06638708112561242,43,385.3181818181818,189
infection,0.06666490156147918,44,321.6224489795918,150
glucocorticoid,0.06675209895904632,45,402.96666666666664,200
ion channel,0.06677290425321017,46,367.0,178
chemotherapy,0.06687632519343976,47,357.7125,170
hypotension,0.06705819431392142,48,524.1875,299
corticosteroids,0.06719070496775884,49,773.6153846153846,427
long-term memory,0.06751782150164228,50,338.44642857142856,160
collagen,0.06766248715532655,51,535.9,307
national institutes of health,0.06766470953647366,52,522.6346153846154,296
bird,0.06802683329379723,53,485.890625,267
seizure,0.0681484773524851,54,193.6949152542373,54
gene,0.06851242150092597,55,217.23913043478262,72
antibodies,0.06880145475319402,56,396.2692307692308,195
sense,0.06892446616151532,57,396.6458333333333,196
g protein-coupled receptor,0.0689617517128499,58,615.2333333333332,373
multiple sclerosis,0.06901269270741875,59,164.48648648648648,38
epithelium,0.06913122481187672,60,433.92,224
natural selection,0.06921919526112195,61,552.016129032258,323
analgesic,0.06933386070563882,62,476.04166666666663,262
learning,0.06933605149100303,63,221.55555555555554,77
headache,0.06935968284713137,64,231.45967741935485,86
anemia,0.0693619603791369,65,476.7407407407407,263
water,0.06947486369272901,66,634.2,381
stroke,0.06982144993218678,67,126.3111111111111,17
vertebral column,0.07030475611036477,68,513.3421052631579,287
microorganism,0.07115487317799499,69,606.9090909090909,362
animal,0.07128462429000405,70,283.8557692307692,121
adenosine triphosphate,0.07133434197247139,71,343.55555555555554,163
in vivo,0.07141485482080809,72,412.13461538461536,207
amino acid,0.07154236136609166,73,392.9090909090909,194
dura mater,0.07167154044201729,74,270.9852941176471,110
homeostasis,0.07190940428600162,75,214.68,71
taste,0.07198326117994007,76,465.24999999999994,254
ectoderm,0.07207284733883088,77,402.72916666666663,199
intravenous therapy,0.0722444076623711,78,485.9347826086956,268
nitric oxide,0.07229416829367485,79,460.5,247
estradiol,0.07257887398299584,80,582.6818181818181,343
arthropod,0.07258901273577105,81,565.2045454545454,332
grey matter,0.07259377133017943,82,444.64285714285717,234
pain,0.07270373786233941,83,222.52830188679246,78
epinephrine,0.07282753633188586,84,516.825,290
metabolite,0.07294666284283069,85,418.6212121212121,211
calcium,0.07306671292958578,86,338.7878787878788,161
phosphorylation,0.07311802521533971,87,463.3703703703703,251
intramuscular injection,0.07320643275709651,88,526.8793103448276,301
endogenous,0.0733090216426315,89,353.0862068965517,168
blood,0.07360534136717829,90,147.09195402298852,28
cerebrospinal fluid,0.07373681032141975,91,123.18229166666666,16
anticonvulsant,0.07374577890422501,92,474.86363636363643,259
steroid,0.07389788587551283,93,604.2884615384614,359
sodium,0.07438728866905636,94,539.5394736842106,310
hormone,0.07462880829123753,95,184.9857142857143,49
pia mater,0.07487868005794553,96,529.0294117647059,302
peptide,0.07503653220869938,97,513.3863636363636,288
capillary,0.07506944892013248,98,461.85,248
mammal,0.07525507649494433,99,255.14864864864865,99
apoptosis,0.07526575383379455,100,374.64444444444445,183
sound,0.07549722324956851,101,589.5526315789474,345
medication,0.0755722127516407,102,581.8333333333334,342
fish,0.07560417538583153,103,562.2166666666667,329
language,0.07568549435586472,104,467.2931034482758,255
breast,0.07592343185361547,105,305.5735294117647,136
mutation,0.07608334678038886,106,486.485294117647,269
visual system,0.07617109626831932,107,211.98888888888888,68
amyotrophic lateral sclerosis,0.07621402639635087,108,300.640625,132
anatomical terms of location,0.076374245106668,109,757.25,421
psychiatry,0.07648218841584152,110,326.0769230769231,152
dizziness,0.07666711623137057,111,451.875,238
subcutaneous injection,0.07666781285958732,112,566.952380952381,334
central nervous system,0.0767379643445695,113,91.77800829875518,7
gene expression,0.0768188847602875,114,327.554347826087,154
anxiety,0.07686986935064896,115,298.68518518518516,130
meningitis,0.07696960365038964,116,330.7857142857143,156
enzyme,0.0771605854259122,117,283.1372549019608,119
blood pressure,0.07742186926656366,118,307.67948717948724,138
major depressive disorder,0.07753742931675431,119,392.02564102564105,193
clinical depression,0.07763423701721384,120,459.90909090909093,246
electroencephalography,0.07770408811693214,121,171.6532258064516,43
reward system,0.0777068083744157,122,505.2631578947369,284
vasopressin,0.07794922196631847,123,403.9375,202
virus,0.07821773045197991,124,431.24999999999994,220
eye,0.07826998123709371,125,327.4107142857142,153
diabetes,0.07841541255747117,126,593.3260869565217,348
vertebrate,0.07875770247933997,127,223.65079365079367,79
alcohol (drug),0.07934285469360411,128,458.4130434782608,243
obesity,0.07936231729811451,129,518.375,292
axon,0.0794009344906972,130,157.97058823529412,36
glucagon,0.07946659427445124,131,636.9375,383
blood vessel,0.0796716650250485,132,201.96428571428572,60
lactic acid,0.07999163765716462,133,548.0952380952381,318
depolarization,0.08015216649580126,134,532.9444444444445,305
intracranial pressure,0.08023425883504706,135,217.42045454545456,73
x-ray,0.08038907847220261,136,590.3166666666667,347
nervous system,0.0805530224991924,137,74.59872611464968,2
side effect,0.08062077967363163,138,638.5,384
lumbar puncture,0.08078361450167015,139,492.2105263157894,272
magnetic resonance imaging,0.08080882498486157,140,155.86170212765958,34
hypoxia (medical),0.08087155277388894,141,210.33636363636361,67
dysarthria,0.08095946317411483,142,490.81578947368416,271
tachycardia,0.08109230209813753,143,673.3333333333334,401
protein kinase a,0.08115724644757742,144,703.0384615384615,406
mri,0.08118747156270363,145,212.23958333333334,69
bone,0.08148706373546426,146,177.83333333333331,44
philosophy of mind,0.08159850548993583,147,521.6800000000001,294
third ventricle,0.08181647358150346,148,457.49999999999994,240
atherosclerosis,0.08188317192497094,149,504.8636363636363,283
route of administration,0.08194251590819543,150,982.35,462
ovulation,0.08207489431837472,151,716.7058823529412,409
substantia nigra,0.08224464954210267,152,535.7222222222223,306
genetics,0.08237083385730959,153,378.066037735849,185
vasoconstriction,0.08253444123644732,154,477.25,264
visual perception,0.08254452648089279,155,200.65384615384616,59
androgen,0.08262160610167255,156,671.5555555555555,399
sleep,0.08269525053925031,157,320.51666666666665,147
spinal cord,0.08282564834874237,158,64.16915422885572,1
edema,0.0828701449741995,159,435.01851851851853,225
glucose,0.08292166526903516,160,352.9893617021276,167
prognosis,0.0830225699038879,161,805.3333333333334,433
circulatory system,0.08339891271328358,162,245.75000000000003,92
disease,0.0836682013315238,163,364.258064516129,175
vasodilation,0.08386631483318695,164,632.1666666666667,380
gray matter,0.08390894721968828,165,596.7666666666668,352
histology,0.08409893518630597,166,509.0238095238095,286
double bond,0.08410912156255196,167,1173.5555555555554,492
surgery,0.08419406410135924,168,381.83333333333337,188
cell membrane,0.08427559619446988,169,246.29166666666666,93
gaba,0.08430257853236406,170,357.4074074074074,169
perception,0.08473798927295667,171,223.8727272727273,80
mammals,0.0847386394774455,172,450.5238095238095,237
uterus,0.08475924338003317,173,278.45098039215685,116
cardiac arrest,0.08476377234945442,174,549.3157894736842,320
reactive oxygen species,0.08481575141144156,175,433.2884615384615,222
ethanol,0.08492334762571684,176,639.171875,385
signal transduction,0.08512274696836916,177,503.6363636363637,280
insulin,0.08542213690887822,178,601.5227272727273,356
estrogen,0.08542803017125658,179,372.9615384615385,182
tongue,0.08566425672412231,180,464.97499999999997,253
basal ganglia,0.08574658899232017,181,170.4,41
anesthesia,0.08590890976318277,182,648.6999999999999,391
pathology,0.08623896848097104,183,359.1875,172
intelligence,0.0862494572681691,184,390.69230769230774,191
necrosis,0.08681886788111133,185,563.0,330
kidney,0.08685691010987437,186,141.68269230769232,24
growth hormone,0.08686070833665234,187,429.75,215
dementia,0.08687068038627789,188,219.50877192982458,76
nature (journal),0.08697173127468227,189,600.0106382978723,355
medical imaging,0.0869976687224502,190,426.7115384615385,213
meninges,0.08708028438676572,191,231.39999999999998,85
ventricular system,0.08712783802091728,192,237.9390243902439,87
human,0.08718978231833377,193,170.7875,42
somatostatin,0.08719435859944155,194,672.1071428571428,400
proprioception,0.08722136928754401,195,266.51388888888886,107
coma,0.08727520932562545,196,250.3409090909091,94
cnidaria,0.08727581222955669,197,846.5,444
digestion,0.0873867896424804,198,572.7058823529411,337
autism,0.08759477991414963,199,292.8333333333333,125
cyp3a4,0.08856017004280375,200,803.3928571428571,431
heart,0.08857991193362738,201,90.48913043478261,6
stomach,0.08869538528751597,202,313.57142857142856,142
nmda receptor,0.08886998239555742,203,545.2777777777778,314
cocaine,0.08888305008666662,204,520.6785714285713,293
immune system,0.0891295451229409,205,254.74193548387095,98
spina bifida,0.0891453742487294,206,758.4583333333334,422
aggression,0.08921418587752224,207,965.8000000000001,458
olfactory bulb,0.08923791372309932,208,440.8571428571429,232
cholesterol,0.08924732557749906,209,612.15,369
muscle,0.08934118068364501,210,120.415,14
macrophage,0.08936002202083912,211,556.6904761904763,326
myelin,0.08945253907130726,212,206.32978723404253,62
norepinephrine,0.08964944654174291,213,269.27272727272725,108
spasticity,0.08995863889800249,214,540.9411764705883,312
hypertrophy,0.09021141519617376,215,743.2499999999999,412
intestine,0.09037282428446423,216,413.2083333333333,209
embryo,0.090373264596865,217,321.43243243243245,149
inflammation,0.09045527392797892,218,294.7622950819672,127
ischemia,0.09052809314648133,219,338.93333333333334,162
cell (biology),0.09064996278770196,220,207.77314814814815,64
epilepsy,0.09100425665953348,221,151.94047619047618,32
potassium,0.09149007356808823,222,772.0,426
functional magnetic resonance imaging,0.09149998527863597,223,226.68478260869563,82
receptor (biochemistry),0.09150977072819164,224,279.5609756097561,117
blood plasma,0.09163999159139713,225,458.48,244
delirium,0.09192971235287443,226,647.34375,389
neoplasm,0.09194346459687043,227,627.7333333333333,378
blood flow,0.0920458848329414,228,445.05,235
pharynx,0.09210784341855656,229,616.9666666666666,376
primate,0.09212156946210548,230,378.10344827586215,186
ear,0.092164197071725,231,334.67857142857144,157
schizophrenia,0.0922007535404308,232,203.58024691358025,61
food and drug administration,0.09223996697736336,233,631.3513513513515,379
corpus callosum,0.09236797051588673,234,401.28260869565213,198
glutamate,0.09241308595471336,235,195.11016949152543,55
superior colliculus,0.0924178830846843,236,641.75,386
cancer,0.09265120985067687,237,320.8058823529412,148
memory,0.09277652870243157,238,121.62755102040818,15
aging,0.09282733744475,239,693.3076923076924,403
smooth muscle,0.09310582631662444,240,412.4791666666667,208
olfaction,0.09322332678044966,241,368.4615384615385,180
cysteine,0.09328839976729293,242,1013.9090909090909,473
medulla oblongata,0.0935003154495977,243,218.8191489361702,75
thermoregulation,0.0935867990730848,244,777.1249999999999,429
hydrocephalus,0.09366520597886206,245,258.4864864864865,101
insomnia,0.09373848547978876,246,561.6739130434783,327
infant,0.09380435677476703,247,609.3333333333333,363
human eye,0.09388566525830816,248,254.60256410256412,97
mouth,0.0940208235903065,249,574.5625,339
adipose tissue,0.09406430189583187,250,276.4878048780488,114
peripheral nervous system,0.09446002857701022,251,169.54918032786884,40
endothelium,0.09447312539915274,252,514.421052631579,289
emotion,0.09460624541118028,253,364.96969696969694,177
electrophysiology,0.09465226067483958,254,572.65625,336
fatigue (medical),0.09468466359699296,255,545.0,313
randomized controlled trial,0.0947843658436468,256,1262.625,499
anatomy,0.09488230128881353,257,244.63829787234042,91
testosterone,0.09508660062462083,258,553.4642857142857,324
liver,0.09509241419561372,259,88.50564971751412,5
neuroimaging,0.09550170323317342,260,224.85106382978725,81
oxytocin,0.09559327338797023,261,501.475,278
encephalitis,0.09564489876543963,262,574.029411764706,338
dendrite,0.09564861138571742,263,364.7115384615385,176
sublingual administration,0.09569817330210988,264,988.4499999999999,464
fetus,0.09572899531290407,265,334.6875,158
anxiolytic,0.09587885900616933,266,922.6363636363636,454
reticular formation,0.09606374590735862,267,610.8333333333333,366
metastasis,0.09610443240172813,268,545.7380952380952,316
seizures,0.09618859453544787,269,427.7291666666667,214
neural tube,0.09622019996866232,270,313.8,143
physiology,0.09649439239408793,271,197.81159420289856,57
retina,0.0965158711723914,272,119.25268817204301,13
urinary bladder,0.0965703092541526,273,565.2777777777777,333
autonomic nervous system,0.0965799269495709,274,199.1111111111111,58
respiratory system,0.0966133751254784,275,613.6999999999999,371
biology,0.09674441582488644,276,537.5375,309
metabolism,0.09674603042421118,277,229.1578947368421,84
red blood cell,0.09696887375638497,278,444.02,233
neurosurgery,0.09698509773292953,279,309.05882352941177,139
artificial intelligence,0.09704100786371953,280,463.8103448275862,252
circadian rhythm,0.0972065459808159,281,474.9523809523809,260
placenta,0.09759388239598883,282,502.5238095238095,279
cellular differentiation,0.0976692541085318,283,517.2608695652174,291
hyperventilation,0.0978517088089596,284,830.4090909090909,440
lung,0.0978925101445415,285,143.9125,27
dyspnea,0.09799131433488004,286,1241.9375,497
vertebrates,0.09817173886112268,287,609.6666666666666,364
breast cancer,0.09843367822622696,288,430.2083333333333,217
lungs,0.09845640604822546,289,305.73333333333335,137
sympathetic nervous system,0.0985295737967441,290,358.81666666666666,171
mind,0.09857391227668552,291,213.1909090909091,70
appetite,0.0988708083414698,292,694.2307692307693,404
ganglion,0.09896441425657188,293,475.13157894736844,261
bovine spongiform encephalopathy,0.09900701665039216,294,564.9375,331
hearing,0.0991560227494764,295,1135.8125,485
elimination half-life,0.09938723426757662,296,1171.3500000000001,491
spleen,0.09959566791766414,297,303.6470588235294,135
mucus,0.09962495246599236,298,911.590909090909,453
myocardial infarction,0.09982688047762324,299,440.13793103448273,231
adrenocorticotropic hormone,0.1000283234260533,300,621.5,377
astrocyte,0.10003837605522094,301,265.27777777777777,105
rhombencephalon,0.10018809077468308,302,646.5714285714287,388
lesion,0.1002344152306754,303,299.140625,131
morphology (biology),0.10027934845300912,304,497.2884615384616,276
intravenous,0.1003990095983592,305,1178.1666666666665,493
pituitary gland,0.1005502795436379,306,269.3372093023256,109
neurodegeneration,0.10071406271134524,307,368.7884615384616,181
skeletal muscle,0.10073470825647116,308,284.74999999999994,122
cartilage,0.10087914987988553,309,540.1666666666667,311
optic nerve,0.10089703396564233,310,257.2916666666667,100
working memory,0.1011292932357852,311,323.390625,151
bipolar disorder,0.1012256855080456,312,545.52,315
ventral tegmental area,0.10126807352392904,313,583.1875,344
artery,0.10130421822464204,314,457.7380952380953,242
consciousness,0.10150440613616793,315,156.01098901098902,35
paralysis,0.10160280489219778,316,589.625,346
pons,0.10161662047152806,317,352.0892857142857,166
pancreas,0.10168961472375504,318,277.5625,115
acetylcholine,0.10185219093492004,319,285.7125,123
eeg,0.10190069305980816,320,457.69999999999993,241
prostate,0.10194941172275752,321,598.25,354
cell nucleus,0.1020085722198239,322,431.5882352941177,221
adrenal gland,0.102171872677791,323,309.1363636363637,140
tissue (biology),0.10217697012154893,324,196.40151515151516,56
stem cell,0.10218093128727486,325,435.46000000000004,226
psychologist,0.10230562331702524,326,974.7727272727273,459
subarachnoid space,0.10233157646174433,327,748.2083333333335,416
visual field,0.10238572438973398,328,815.0,435
cholecystokinin,0.10252619647661346,329,857.090909090909,445
thyroid,0.1026442235256614,330,435.5681818181818,227
vaginal administration,0.10292727344540398,331,992.85,466
somatosensory system,0.10294947186784703,332,404.69565217391306,203
photoreceptor cell,0.1030163403775427,333,468.4,256
nicotinic acetylcholine receptor,0.10340019291687183,334,523.3333333333334,297
neuropsychology,0.10363531217924347,335,251.93421052631575,95
suprachiasmatic nucleus,0.10427973132082108,336,571.6875,335
atrophy,0.10437996766652884,337,430.9772727272727,219
mitochondria,0.10514219280183557,338,406.34482758620686,204
preterm birth,0.1052502536202817,339,978.2,460
temporal lobe,0.10535160539887428,340,151.57971014492753,31
epileptic seizure,0.10543817249157568,341,488.39473684210526,270
neuroimage,0.10548869662615287,342,1468.166666666667,522
nerve,0.10552972468663316,343,192.97115384615387,53
medical ultrasonography,0.10605971381346532,344,1141.375,486
experimental psychology,0.1061206719200086,345,774.4583333333333,428
stimulus (physiology),0.10655469798492026,346,312.7666666666667,141
neurology,0.10662834033663714,347,136.7128712871287,20
neurotransmitter,0.10669248305630304,348,148.82417582417582,29
synapse,0.10691623423462784,349,138.24096385542168,21
diencephalon,0.10697445075666508,350,281.5735294117647,118
neurotoxicity,0.10761625330049927,351,748.1250000000001,415
choroid plexus,0.1077675497584144,352,524.1764705882354,298
enzymes,0.10796683039851968,353,982.15,461
fear,0.10826030315849376,354,1109.1666666666665,479
congenital disorder,0.108309715410051,355,648.9285714285713,392
macrophages,0.10836942654189284,356,862.090909090909,447
free radical,0.10852405253906663,357,1380.5714285714287,517
attention deficit hyperactivity disorder,0.1085366359995876,358,686.1875,402
dystonia,0.1085593146895083,359,784.1666666666666,430
blood test,0.10882585118875687,360,928.7727272727273,455
abdomen,0.10887493098005444,361,835.5416666666666,441
connective tissue,0.1089226654744592,362,537.4736842105264,308
hypothalamus,0.10893178148460744,363,140.7826086956522,22
frontal lobe,0.10894892203428796,364,180.8534482758621,47
hormones,0.10916236380154468,365,643.25,387
olfactory system,0.10932294487783943,366,463.07500000000005,250
serotonin,0.10932860462271292,367,210.17424242424244,66
drug withdrawal,0.1095079321552043,368,1007.45,471
aphasia,0.10960973786355556,369,470.6666666666667,258
telencephalon,0.1097257714870596,370,437.14285714285717,228
antidepressant,0.1097771955953728,371,950.5,456
cardiovascular disease,0.10977845779099583,372,615.452380952381,374
unconsciousness,0.10995717989924804,373,704.7692307692308,407
connectionism,0.11004006834050807,374,762.5,424
skull,0.11019296681131208,375,254.38888888888886,96
bone marrow,0.11074047064433164,376,602.9473684210526,358
hemorrhage,0.11086395913521252,377,446.0714285714286,236
absorption (pharmacokinetics),0.11100782155363836,378,1204.125,495
pheromone,0.11134397617055887,379,1338.8571428571427,512
supraoptic nucleus,0.11136695841705746,380,752.5,419
neurogenesis,0.11153453274381846,381,363.6153846153846,174
menstrual cycle,0.11161188407445582,382,1212.611111111111,496
auditory system,0.11167599013627497,383,409.1086956521739,206
parenchyma,0.11209820924419384,384,606.2333333333333,360
g protein,0.1122889824130212,385,1494.7499999999998,542
neurulation,0.112315527696449,386,908.7,452
afferent nerve fiber,0.11242024711715257,387,481.3947368421052,266
arachnoid mater,0.1129005388258003,388,892.5,449
dopamine,0.11332131419344625,389,188.44303797468356,51
organ (anatomy),0.11332822060864735,390,297.85714285714283,128
subarachnoid hemorrhage,0.11334092287150742,391,425.5,212
anterior,0.11371374751113215,392,983.388888888889,463
neuroscience,0.11403432442838628,393,111.8409090909091,10
cell proliferation,0.11425365147186467,394,804.6666666666667,432
thalamus,0.11425858205913515,395,109.27727272727275,8
dydrogesterone,0.1142753111924188,396,1846.1,583
intranasal administration,0.11481630962661707,397,1178.3125,494
occipital lobe,0.11492256823347267,398,275.8382352941177,113
sulcus (neuroanatomy),0.11494675184043053,399,497.3888888888889,277
ruminant,0.114953663756515,400,1631.8333333333335,566
membrane potential,0.11500761498869032,401,1058.5,476
hallucination,0.11524168882841855,402,745.8571428571429,414
muscle tone,0.11525383842611035,403,892.7,450
systemic lupus erythematosus,0.11560805048222698,404,1151.111111111111,489
reflex,0.11578243346914192,405,902.6500000000001,451
cognition,0.11614846422903345,406,143.48863636363637,25
neuron,0.1176922838006027,407,80.04726368159204,3
midbrain,0.11819505793653808,408,206.72340425531917,63
transcranial magnetic stimulation,0.11822143025076425,409,611.5333333333334,368
striatum,0.11836275359113853,410,550.0555555555555,321
lateral ventricles,0.11870376867238687,411,606.6,361
parietal lobe,0.11887122270935414,412,271.43243243243245,111
oxidative stress,0.11889805755695385,413,953.6818181818181,457
dentate gyrus,0.11904134423621952,414,820.0,437
neuroanatomy,0.11947035437976886,415,317.448275862069,145
microglia,0.11947219020846235,416,613.7333333333332,372
neck,0.11953654922374307,417,1118.4375,481
nicotine,0.1197974018118476,418,857.2083333333334,446
cognitive science,0.11979791191621085,419,334.8648648648649,159
neurophysiology,0.12003703074037846,420,398.04347826086956,197
emulsion,0.12026400597391808,421,1637.9166666666667,567
astrocytes,0.12072975084115588,422,597.9666666666667,353
sadness,0.12100178144548265,423,1517.8333333333333,557
long-term depression,0.1210867795994746,424,1124.75,483
magnetoencephalography,0.12121510946924828,425,661.5357142857143,395
rat,0.12126136089911932,426,814.0833333333333,434
human body,0.12128747268617092,427,283.2121212121212,120
scholarpedia,0.1216606008872514,428,1478.5833333333333,529
inner ear,0.12169890140755325,429,727.7692307692308,411
amygdala,0.12200824332059583,430,181.52459016393445,48
vestibular system,0.12201383038520243,431,771.875,425
interneuron,0.1222469814039083,432,828.090909090909,439
arginine,0.12238161942437616,433,1368.4374999999998,514
putamen,0.1224253027926646,434,705.8846153846154,408
oligodendrocyte,0.12242794907774697,435,762.0833333333334,423
touch,0.122805062882292,436,1508.0833333333333,549
neurons,0.12345665404467605,437,114.43529411764706,11
visual cortex,0.12449492271215724,438,188.99019607843138,52
nerve growth factor,0.1245285091810181,439,755.9166666666666,420
hippocampus,0.12458802380299265,440,111.56451612903226,9
motor neuron,0.12500323910824576,441,265.7714285714286,106
parasympathetic nervous system,0.12522436772457454,442,701.2692307692308,405
tricyclic antidepressants,0.12555395849270218,443,1514.25,553
clonidine,0.1255654447652654,444,1515.75,554
neuroplasticity,0.12557387179946738,445,218.74444444444444,74
larynx,0.12630495299492595,446,870.4545454545454,448
kidneys,0.1265629934815053,447,743.8333333333333,413
electroencephalogram,0.12688936190370198,448,749.2916666666667,417
tumor,0.12717326638212484,449,407.07692307692304,205
aneurysm,0.12730440636399853,450,595.0,350
neurotransmitters,0.12738258947093267,451,456.05000000000007,239
lymph nodes,0.12761094205749984,452,1142.125,487
blood vessels,0.12769562169366186,453,998.6666666666666,467
peritoneum,0.12827184865466348,454,1529.1666666666665,563
glial fibrillary acidic protein,0.1285688390492838,455,749.5833333333334,418
cochlea,0.12923446380736475,456,843.9999999999999,443
neuroblast,0.12938067572115475,457,1108.3125,477
qualia,0.1294319455810942,458,1034.9444444444446,474
sensory system,0.1294442893173189,459,602.6,357
euphoria,0.1295615215593342,460,1433.7142857142858,520
computational neuroscience,0.12960463184543128,461,550.7058823529412,322
thyrotropin-releasing hormone,0.1296470701685814,462,1302.214285714286,507
neural network,0.13017115079871952,463,549.1176470588235,319
integrins,0.13019585829839633,464,1766.2,571
supplementary motor area,0.13020326153952208,465,1123.4375,482
breathing,0.13031645641989226,466,1287.0714285714284,505
intravenous injection,0.13074488654542313,467,1546.5833333333335,564
opsin,0.13088784828049088,468,1511.5,551
cognitive psychology,0.13164068404636825,469,496.1136363636364,274
trigeminal nerve,0.1317811488207722,470,667.4285714285714,397
premature birth,0.131977893710461,471,1516.6666666666667,556
glutamic acid,0.1321007935073082,472,1282.5,504
pineal gland,0.1322848067016703,473,653.892857142857,394
excitotoxicity,0.13236669970228634,474,1008.0,472
synaptic plasticity,0.13255638039836445,475,525.3888888888889,300
brainstem,0.13270720221559393,476,127.20833333333333,18
papilledema,0.13295496433427928,477,1481.2499999999998,532
germ layer,0.13306693309177456,478,1302.4285714285713,508
glial cell,0.1331468918204098,479,636.1785714285714,382
fmri,0.1332071932275044,480,662.5357142857143,396
limbic system,0.13320726441725467,481,368.13461538461536,179
cardiac muscle,0.13326037618353076,482,721.1923076923078,410
parkinsonism,0.13352627231226266,483,1304.4285714285716,509
theory,0.1337884286926693,484,1410.9285714285716,519
mesenchyme,0.1344535267219054,485,1501.9166666666667,547
forebrain,0.13490748356822366,486,430.07142857142856,216
jejunum,0.13497404009398364,487,1513.1666666666667,552
nucleus (neuroanatomy),0.1350149831579031,488,653.0714285714286,393
motor cortex,0.13547475762489591,489,316.22413793103453,144
inositol trisphosphate,0.13568172896042685,490,1496.5000000000002,544
pheochromocytoma,0.13573834565571566,491,1521.3333333333335,559
neurobiology,0.1357442369105123,492,613.5666666666666,370
folic acid,0.13583251444664204,493,1370.7142857142858,516
head injury,0.136513397191328,494,836.7272727272727,442
hallucinations,0.13671707833120836,495,1142.1875,488
voltage-gated ion channel,0.1370346113724904,496,1525.25,561
music therapy,0.13707603932271414,497,1525.9166666666667,562
homonymous hemianopsia,0.13721718276568876,498,1470.0,523
fight-or-flight response,0.13729497181774175,499,1152.8125,490
biological neural network,0.13737524010087682,500,593.3333333333334,349
memory consolidation,0.1375703690374587,501,1002.0555555555557,468
prosencephalon,0.13762506913352598,502,1006.1666666666667,470
neocortex,0.1377188631138712,503,264.4583333333333,104
endometrial hyperplasia,0.1378878271335512,504,1566.8333333333335,565
neuroendocrine,0.1384383994155619,505,988.7777777777777,465
cerebellum,0.13898826430327188,506,118.18932038834953,12
testis,0.14087775043440978,507,1290.4285714285716,506
cerebral cortex,0.14139141646954634,508,81.68787878787877,4
cranial nerves,0.1421112045861223,509,575.25,340
calcium in biology,0.14214586542161914,510,1488.4166666666667,540
airway,0.14215644766161287,511,1477.5,528
neurological,0.1424294165521845,512,496.2222222222222,275
baclofen,0.14246159499890926,513,1824.3,582
notochord,0.14310154901980165,514,1508.9166666666665,550
insular cortex,0.14328098202457715,515,546.8333333333334,317
ampa,0.14328145923840244,516,1772.7000000000003,576
prefrontal cortex,0.14350636442759862,517,228.39622641509433,83
synapses,0.14410509518319894,518,469.50000000000006,257
angiotensinogen,0.14433827619487605,519,1521.4166666666667,560
subcutaneous implant,0.14465363606667658,520,1369.2857142857142,515
cognitive,0.144668156044168,521,578.9375,341
cerebral hemisphere,0.14490776323876148,522,320.051724137931,146
mood (psychology),0.14526994502713575,523,1391.2857142857144,518
muscarinic acetylcholine receptor,0.14623366913317656,524,1315.9285714285713,511
human skull,0.1465911209629205,525,648.5357142857142,390
primates,0.1469418640433192,526,1495.4166666666665,543
superior temporal gyrus,0.14746415317885633,527,1128.9375,484
adenylyl cyclase,0.14757088027032822,528,1789.0,579
cerebral palsy,0.14799540171000375,529,1054.4444444444443,475
primary motor cortex,0.14810858315590214,530,609.6999999999999,365
rhinencephalon,0.14924909235267952,531,2203.25,588
tectum,0.14939775652565032,532,1485.583333333333,537
electrodes,0.14962035712824942,533,1476.1666666666667,526
stereotactic surgery,0.14995020418286387,534,1263.0714285714287,500
sensory neuron,0.15059988635840932,535,459.175,245
cerebrum,0.15080934129507242,536,168.11607142857142,39
clone (cell biology),0.15097875007797545,537,1791.3,580
cognitive neuroscience,0.1514698375336182,538,462.76190476190476,249
magnetic resonance angiography,0.15164896198120886,539,1488.0833333333333,539
thoracic cavity,0.15181051474305188,540,1481.4166666666665,533
adult,0.1532360768541593,541,1778.2,577
gyri,0.15333148411868294,542,1258.5,498
lateral ventricle,0.1535667709744069,543,1267.5714285714287,501
neural oscillation,0.15370098901240953,544,815.3181818181818,436
chemoreceptor,0.1538049078251672,545,1491.7499999999998,541
artificial life,0.1549184030439636,546,1516.3333333333335,555
voxel,0.15522452604010725,547,1506.1666666666667,548
second messenger system,0.15555494933470904,548,1814.0,581
cybernetics,0.155599599570692,549,1466.0714285714287,521
glioblastoma multiforme,0.15602359094186108,550,1485.8333333333335,538
anencephaly,0.1563063322556471,551,1482.1666666666667,535
encephalopathy,0.15669893204371987,552,1519.3333333333333,558
capillaries,0.15809148493407496,553,1500.0000000000002,546
adrenal medulla,0.15883501552109086,554,1112.125,480
spinal canal,0.15896198494173105,555,1473.0,524
spinal nerve,0.15898430687104928,556,1002.1666666666667,469
adrenal cortex,0.16144203232342075,557,668.25,398
respiration (physiology),0.16207388298411873,558,1314.7857142857144,510
vagus nerve,0.1666021833568489,559,1367.7142857142858,513
neural coding,0.16731475232925513,560,1108.4375,478
subdural hematoma,0.16731845659169478,561,1498.333333333333,545
muscle spindle,0.1686513485275023,562,1479.9166666666665,530
melanocyte-stimulating hormone,0.16926613527840007,563,1484.1666666666665,536
traumatic brain injury,0.17140306131636998,564,188.4375,50
memory loss,0.17233337136338273,565,1762.8999999999999,569
deep brain stimulation,0.17250864876739352,566,437.95238095238096,229
tegmentum,0.173720759553635,567,1769.0,572
mental image,0.17437190406808156,568,1480.3333333333333,531
brain stem,0.17516893590281046,569,433.5238095238096,223
diffuse axonal injury,0.17660001199792136,570,1481.4999999999998,534
human brain,0.1815252068920891,571,159.41176470588235,37
p600 (neuroscience),0.1870107008211108,572,1772.1000000000001,575
anaplastic astrocytoma,0.19265095806117224,573,2206.0,590
brain damage,0.1931346153276196,574,403.4130434782609,201
primary auditory cortex,0.19398125976944608,575,1272.0714285714287,503
dorsal column-medial lemniscus pathway,0.19672783324054005,576,2201.5,584
hunger (motivational state),0.19879899562512388,577,2203.0,587
cognitive impairment,0.2012264378267592,578,1771.9,574
brain tumor,0.20278045709909867,579,556.1176470588235,325
cortex (anatomy),0.2046114528506156,580,1269.5000000000002,502
metabolic,0.20484337834426192,581,2218.25,593
post-traumatic amnesia,0.20658593341246456,582,2237.0,594
artificial neuron,0.20667271446161373,583,1476.7499999999998,527
vomeronasal organ,0.21576325888731449,584,2217.125,592
piriform cortex,0.2165584241266584,585,1771.1000000000001,573
motor neurons,0.21674261997279184,586,1765.8999999999999,570
internal carotid artery,0.21763539487355502,587,2211.5000000000005,591
neurological disorders,0.22177333712474545,588,2202.2499999999995,586
brain herniation,0.22721257893270036,589,821.9545454545454,438
ventromedial prefrontal cortex,0.2295713401150499,590,1781.3000000000002,578
biological neuron model,0.23010910047420405,591,2205.375,589
lateral geniculate body,0.2337118436662007,592,2201.6249999999995,585
temporal lobe epilepsy,0.2424641459459224,593,2277.125,595
brain injury,0.25607956315367864,594,1473.25,525
brain development,0.2968410240227257,595,1759.8,568
